{
  "project_info": {
    "project_number": "672433838246",
    "firebase_url": "https://for-work-4191f-default-rtdb.firebaseio.com",
    "project_id": "for-work-4191f",
    "storage_bucket": "for-work-4191f.appspot.com"
  },
  "client": [
    {
      "client_info": {
        "mobilesdk_app_id": "1:672433838246:android:b6db5b24e53e7ab43c3c67",
        "android_client_info": {
          "package_name": "com.forworkapplication.app"
        }
      },
      "oauth_client": [
        {
          "client_id": "672433838246-d743mrtqk9o9gueibca1073koi2ks60u.apps.googleusercontent.com",
          "client_type": 3
        }
      ],
      "api_key": [
        {
          "current_key": "AIzaSyANip_v-CHbPqrdPA4vNl602qBrwghWMZs"
        }
      ],
      "services": {
        "appinvite_service": {
          "other_platform_oauth_client": [
            {
              "client_id": "672433838246-d743mrtqk9o9gueibca1073koi2ks60u.apps.googleusercontent.com",
              "client_type": 3
            }
          ]
        }
      }
    }
  ],
  "configuration_version": "1"
}